{"cameraMode":{"drawMode":0,"name":"Shaded","section":"Shading Mode"},"sceneLighting":false,"audioPlay":false,"sceneViewState":{"showFog":true,"showMaterialUpdate":false,"showSkybox":false,"showFlares":true,"showImageEffects":true,"showParticleSystems":true},"in2DMode":false,"pivot":{"x":39.0099983215332,"y":-12.648399353027344,"z":20.399999618530275},"rotation":{"x":-0.11633119732141495,"y":0.3856775462627411,"z":-0.04908791929483414,"w":-0.9139531254768372},"size":17.401649475097658,"orthographic":false}