{"cameraMode":{"drawMode":0,"name":"Shaded","section":"Shading Mode"},"sceneLighting":false,"audioPlay":false,"sceneViewState":{"showFog":true,"showMaterialUpdate":false,"showSkybox":false,"showFlares":true,"showImageEffects":true,"showParticleSystems":true},"in2DMode":false,"pivot":{"x":-0.32677194476127627,"y":0.09410297870635987,"z":0.21057653427124024},"rotation":{"x":-0.3099476397037506,"y":0.08967021107673645,"z":-0.02937743254005909,"w":-0.9460596442222595},"size":1.0674083232879639,"orthographic":false}