{"cameraMode":{"drawMode":0,"name":"Shaded","section":"Shading Mode"},"sceneLighting":true,"audioPlay":false,"sceneViewState":{"showFog":true,"showMaterialUpdate":false,"showSkybox":true,"showFlares":true,"showImageEffects":true,"showParticleSystems":true},"in2DMode":false,"pivot":{"x":-30.350234985351564,"y":4.566145896911621,"z":23.475160598754884},"rotation":{"x":0.0947360172867775,"y":-0.8147379159927368,"z":0.13910126686096192,"w":0.5548677444458008},"size":2.6872565746307375,"orthographic":false}