{"cameraMode":{"drawMode":0,"name":"Shaded","section":"Shading Mode"},"sceneLighting":false,"audioPlay":false,"sceneViewState":{"showFog":true,"showMaterialUpdate":false,"showSkybox":false,"showFlares":true,"showImageEffects":true,"showParticleSystems":true},"in2DMode":false,"pivot":{"x":0.27752482891082766,"y":-0.33774611353874209,"z":0.6123873591423035},"rotation":{"x":0.01798059791326523,"y":0.9746951460838318,"z":-0.08511043339967728,"w":0.2059181034564972},"size":0.5585886240005493,"orthographic":false}