{"cameraMode":{"drawMode":0,"name":"Shaded","section":"Shading Mode"},"sceneLighting":true,"audioPlay":false,"sceneViewState":{"showFog":true,"showMaterialUpdate":false,"showSkybox":true,"showFlares":true,"showImageEffects":true,"showParticleSystems":true},"in2DMode":false,"pivot":{"x":-34.41341781616211,"y":2.8010997772216799,"z":-92.2035140991211},"rotation":{"x":-0.0005356824258342385,"y":-0.9982120990753174,"z":0.009084412828087807,"w":-0.05907447636127472},"size":105.09020233154297,"orthographic":false}